{
 "customers": [
  {
    "customerCode": "C001",
    "customerType": "General",
    "primaryContact": {
      "personCode": "231",
      "lastName": "Baker",
      "firstName": "Tom",
      "address": {
        "street": "1 Blue Jays Way",
        "city": " Toronto",
        "state": " ON",
        "zipCode": " M5V 1J1",
        "country": " Canada"
      },
      "emails": [
        "mostfamous@whovian.com",
        "thedoctor@bbc.com",
        "famousdoc@who.com",
        "tbaker@cse.unl.edu"
      ]
    },
    "customerName": "Clark Consultants",
    "customerAddress": {
      "street": "259 Concorde Suites",
      "city": "Lincoln",
      "state": "NE",
      "zipCode": "68588-0115",
      "country": "USA"
    }
  },
  {
    "customerCode": "C002",
    "customerType": "Student",
    "primaryContact": {
      "personCode": "944c",
      "lastName": "Castro",
      "firstName": "Starlin",
      "address": {
        "street": "1060 West Addison Street",
        "city": "Chicago",
        "state": "IL",
        "zipCode": "60613",
        "country": "USA"
      },
      "emails": [
        "scastro@cubs.com",
        "starlin_castro13@gmail.com"
      ]
    },
    "customerName": "CAS International Fellows",
    "customerAddress": {
      "street": "1223 Oldfather Hall",
      "city": "Lincoln",
      "state": "NE",
      "zipCode": "68503",
      "country": "USA"
    }
  },
  {
    "customerCode": "C003",
    "customerType": "Student",
    "primaryContact": {
      "personCode": "306a",
      "lastName": "Sampson",
      "firstName": "Brock",
      "address": {
        "street": "123 N 1st Street",
        "city": "Omaha",
        "state": "NE",
        "zipCode": "68116",
        "country": "USA"
      },
      "emails": [
        "brock_f_sampson@gmail.com",
        "bsampson@venture.com"
      ]
    },
    "customerName": "Valueless Club",
    "customerAddress": {
      "street": "123 Venture Way",
      "city": "Culver City",
      "state": "CA",
      "zipCode": "90230",
      "country": "USA"
    }
  },
  {
    "customerCode": "C004",
    "customerType": "General",
    "primaryContact": {
      "personCode": "321f",
      "lastName": "Fox",
      "firstName": "Bud",
      "address": {
        "street": "321 Bronx Street",
        "city": "New York",
        "state": "NY",
        "zipCode": "10004",
        "country": "USA"
      },
      "emails": [
        "bfox@gmail.com",
        "csheen@crazy.net"
      ]
    },
    "customerName": "Stony Brook",
    "customerAddress": {
      "street": "9800 Savage Rd",
      "city": "Fort Meade",
      "state": "MD",
      "zipCode": "20755",
      "country": "USA"
    }
  },
  {
    "customerCode": "C005",
    "customerType": "General",
    "primaryContact": {
      "personCode": "bbchar",
      "lastName": "Ehrmantraut",
      "firstName": "Kaylee",
      "address": {
        "street": "800 West 7th Street",
        "city": " Albuquerque",
        "state": " NM",
        "zipCode": " 87105",
        "country": "USA"
      }
    },
    "customerName": "Hewlett Industries",
    "customerAddress": {
      "street": "1060 West Addison",
      "city": "Chicago",
      "state": "IL",
      "zipCode": "60601",
      "country": "USA"
    }
  },
  {
    "customerCode": "C006",
    "customerType": "Student",
    "primaryContact": {
      "personCode": "321dr",
      "lastName": "Baker",
      "firstName": "C.",
      "address": {
        "street": "Avery Hall",
        "city": "Lincoln",
        "state": "NE",
        "zipCode": "68503",
        "country": "USA"
      },
      "emails": [
        "dr@baker.com"
      ]
    },
    "customerName": "Gregory Smith",
    "customerAddress": {
      "street": "456 West 7th St.",
      "city": "Omaha",
      "state": "NE",
      "zipCode": "68500",
      "country": "USA"
    }
  }
]}