<?xml version="1.0"?> 
 <list>
  <person>
    <personCode>01a01</personCode>
    <lastName>Madison</lastName>
    <firstName>Billy</firstName>
    <address>
      <street>1065 West Madison Ave</street>
      <city>Toronto</city>
      <state>OT</state>
      <zipCode>60613</zipCode>
      <country>Canada</country>
    </address>
  </person>
  <person>
    <personCode>zzz3</personCode>
    <lastName>Lebowski</lastName>
    <firstName>Big</firstName>
    <address>
      <street>666 N 99th Street</street>
      <city>Oklahoma City</city>
      <state>OK</state>
      <zipCode>68116</zipCode>
      <country>USA</country>
    </address>
    <emails>
      <string>bski@ventura.com</string>
      <string>big_lebo@aol.com</string>
    </emails>
  </person>
  <person>
    <personCode>wtf72</personCode>
    <lastName>Miles</lastName>
    <firstName>Les</firstName>
    <address>
      <street>8754 Turnpike Lane.</street>
      <city>Dallas</city>
      <state>WY</state>
      <zipCode>75031</zipCode>
      <country>USA</country>
    </address>
    <emails>
      <string>lester@d.com</string>
    </emails>
  </person>
  <person>
    <personCode>zzz4</personCode>
    <lastName>Lebowski</lastName>
    <firstName>Big</firstName>
    <address>
      <street>666 N 99th Street</street>
      <city>Oklahoma City</city>
      <state>OK</state>
      <zipCode>68116</zipCode>
      <country>USA</country>
    </address>
    <emails>
      <string>bski@ventura.com</string>
      <string>big_lebo@aol.com</string>
    </emails>
  </person>
  <person>
    <personCode>zz23</personCode>
    <lastName>as </lastName>
    <firstName>Big</firstName>
    <address>
      <street>666 N 99th Street</street>
      <city>Oklahoma City</city>
      <state>OK</state>
      <zipCode>68116</zipCode>
      <country>USA</country>
    </address>
    <emails>
      <string>bug@gmail.com</string>
    </emails>
  </person>
</list> 