<?xml version="1.0"?> 
 <products>
  <seasonpass>
    <productCode>122e</productCode>
    <productType>S</productType>
    <name>summmer spcecial</name>
    <startDate>2016-12-13</startDate>
    <endDate>2017-01-07</endDate>
    <cost>0.0</cost>
  </seasonpass>
  <seasonpass>
    <productCode>z1e4</productCode>
    <productType>S</productType>
    <name>Easter Pass</name>
    <startDate>2018-03-13</startDate>
    <endDate>2018-04-01</endDate>
    <cost>50.0</cost>
  </seasonpass>
  <refreshment>
    <productCode>ff23</productCode>
    <productType>R</productType>
    <name>Zipline Beer-1 oz</name>
    <cost>3.01</cost>
  </refreshment>
  <seasonpass>
    <productCode>b29e</productCode>
    <productType>S</productType>
    <name>Winter Special</name>
    <startDate>2016-12-13</startDate>
    <endDate>2017-01-07</endDate>
    <cost>120.0</cost>
  </seasonpass>
  <refreshment>
    <productCode>f12</productCode>
    <productType>R</productType>
    <name>good beer-1 oz</name>
    <cost>0.0</cost>
  </refreshment>
  <parkingpass>
    <productCode>90</productCode>
    <productType>P</productType>
    <parkingFee>10.0</parkingFee>
  </parkingpass>
  <movieticket>
    <productCode>fa45</productCode>
    <productType>M</productType>
    <dateTime>2018-5-22 12:10</dateTime>
    <movieName>Space Jam</movieName>
    <theaterAddress>
      <street>2234 Dudley St</street>
      <city>Lincoln</city>
      <state> NE</state>
      <zipCode> 68503</zipCode>
      <country> USA</country>
    </theaterAddress>
    <screenNumber>2A</screenNumber>
    <pricePerUnit>12.5</pricePerUnit>
  </movieticket>
</products> 