<?xml version="1.0"?>
<products>
<movieticket>
  <productCode>1239</productCode>
  <movieDateTime>2016-09-13 15:30</movieDateTime>
  <movieName>The Wild Life</movieName>
  <cost>11.0</cost>
  <address>
    <street>755 Willard Drive</street>
    <city>Ashwaubenon</city>
    <state>WI</state>
    <zip>54304</zip>
    <country>USA</country>
  </address>
  <screenNumber>12F</screenNumber>
  <pricePerUnit>0.0</pricePerUnit>
  <discounted>true</discounted>
</movieticket>
<refreshment>
  <productCode>yp23</productCode>
  <name>Double Cheeseburger</name>
  <cost>9.0</cost>
</refreshment>
<seasonpass>
  <productCode>b29e</productCode>
  <name>Winter Special</name>
  <cost>120.0</cost>
  <seasonStartDate>2016-12-13 00:00</seasonStartDate>
  <seasonEndDate>2017-01-07 00:00</seasonEndDate>
</seasonpass>
<parkingpass>
  <productCode>3289</productCode>
  <cost>55.0</cost>
</parkingpass>
<seasonpass>
  <productCode>3y92</productCode>
  <name>BlackFriday Deal</name>
  <cost>58.0</cost>
  <seasonStartDate>2016-11-24 00:00</seasonStartDate>
  <seasonEndDate>2016-11-29 00:00</seasonEndDate>
</seasonpass>
<seasonpass>
  <productCode>xer4</productCode>
  <name>FiveWeeks-Unlimited</name>
  <cost>185.0</cost>
  <seasonStartDate>2016-10-07 00:00</seasonStartDate>
  <seasonEndDate>2016-11-11 00:00</seasonEndDate>
</seasonpass>
<parkingpass>
  <productCode>90fa</productCode>
  <cost>25.0</cost>
</parkingpass>
<parkingpass>
  <productCode>90fb</productCode>
  <cost>20.0</cost>
</parkingpass>
<refreshment>
  <productCode>32f4</productCode>
  <name>Caramel Popcorn</name>
  <cost>5.5</cost>
</refreshment>
<movieticket>
  <productCode>fp12</productCode>
  <movieDateTime>2016-10-21 13:10</movieDateTime>
  <movieName>A Monster Calls</movieName>
  <cost>21.5</cost>
  <address>
    <street>3555 South 140th Plaza</street>
    <city>Omaha</city>
    <state>NE</state>
    <zip>68144</zip>
    <country>USA</country>
  </address>
  <screenNumber>2A</screenNumber>
  <pricePerUnit>0.0</pricePerUnit>
  <discounted>false</discounted>
</movieticket>
<refreshment>
  <productCode>ff23</productCode>
  <name>Labatt Beer-20oz</name>
  <cost>4.99</cost>
</refreshment>
<movieticket>
  <productCode>782g</productCode>
  <movieDateTime>2016-11-10 10:00</movieDateTime>
  <movieName>Shut In</movieName>
  <cost>25.0</cost>
  <address>
    <street>6301 University Ave</street>
    <city>Cedar Falls</city>
    <state>IA</state>
    <zip>50613</zip>
    <country>USA</country>
  </address>
  <screenNumber>32D</screenNumber>
  <pricePerUnit>0.0</pricePerUnit>
  <discounted>true</discounted>
</movieticket>
</products>
