<?xml version="1.0"?> 
 <list>
  <general>
    <customerCode>C001</customerCode>
    <customerType>General</customerType>
    <primaryContact>
      <personCode>231</personCode>
      <lastName>Baker</lastName>
      <firstName>Tom</firstName>
      <address>
        <street>1 Blue Jays Way</street>
        <city> Toronto</city>
        <state> ON</state>
        <zipCode> M5V 1J1</zipCode>
        <country> Canada</country>
      </address>
      <emails>
        <email>mostfamous@whovian.com</email>
        <email>thedoctor@bbc.com</email>
        <email>famousdoc@who.com</email>
        <email>tbaker@cse.unl.edu</email>
      </emails>
    </primaryContact>
    <customerName>Clark Consultants</customerName>
    <customerAddress>
      <street>259 Concorde Suites</street>
      <city>Lincoln</city>
      <state>NE</state>
      <zipCode>68588-0115</zipCode>
      <country>USA</country>
    </customerAddress>
  </general>
  <student>
    <customerCode>C002</customerCode>
    <customerType>Student</customerType>
    <primaryContact>
      <personCode>944c</personCode>
      <lastName>Castro</lastName>
      <firstName>Starlin</firstName>
      <address>
        <street>1060 West Addison Street</street>
        <city>Chicago</city>
        <state>IL</state>
        <zipCode>60613</zipCode>
        <country>USA</country>
      </address>
      <emails>
        <email>scastro@cubs.com</email>
        <email>starlin_castro13@gmail.com</email>
      </emails>
    </primaryContact>
    <customerName>CAS International Fellows</customerName>
    <customerAddress>
      <street>1223 Oldfather Hall</street>
      <city>Lincoln</city>
      <state>NE</state>
      <zipCode>68503</zipCode>
      <country>USA</country>
    </customerAddress>
  </student>
  <student>
    <customerCode>C003</customerCode>
    <customerType>Student</customerType>
    <primaryContact>
      <personCode>306a</personCode>
      <lastName>Sampson</lastName>
      <firstName>Brock</firstName>
      <address>
        <street>123 N 1st Street</street>
        <city>Omaha</city>
        <state>NE</state>
        <zipCode>68116</zipCode>
        <country>USA</country>
      </address>
      <emails>
        <email>brock_f_sampson@gmail.com</email>
        <email>bsampson@venture.com</email>
      </emails>
    </primaryContact>
    <customerName>Valueless Club</customerName>
    <customerAddress>
      <street>123 Venture Way</street>
      <city>Culver City</city>
      <state>CA</state>
      <zipCode>90230</zipCode>
      <country>USA</country>
    </customerAddress>
  </student>
  <general>
    <customerCode>C004</customerCode>
    <customerType>General</customerType>
    <primaryContact>
      <personCode>321f</personCode>
      <lastName>Fox</lastName>
      <firstName>Bud</firstName>
      <address>
        <street>321 Bronx Street</street>
        <city>New York</city>
        <state>NY</state>
        <zipCode>10004</zipCode>
        <country>USA</country>
      </address>
      <emails>
        <email>bfox@gmail.com</email>
        <email>csheen@crazy.net</email>
      </emails>
    </primaryContact>
    <customerName>Stony Brook</customerName>
    <customerAddress>
      <street>9800 Savage Rd</street>
      <city>Fort Meade</city>
      <state>MD</state>
      <zipCode>20755</zipCode>
      <country>USA</country>
    </customerAddress>
  </general>
  <general>
    <customerCode>C005</customerCode>
    <customerType>General</customerType>
    <primaryContact>
      <personCode>bbchar</personCode>
      <lastName>Ehrmantraut</lastName>
      <firstName>Kaylee</firstName>
      <address>
        <street>800 West 7th Street</street>
        <city> Albuquerque</city>
        <state> NM</state>
        <zipCode> 87105</zipCode>
        <country>USA</country>
      </address>
    </primaryContact>
    <customerName>Hewlett Industries</customerName>
    <customerAddress>
      <street>1060 West Addison</street>
      <city>Chicago</city>
      <state>IL</state>
      <zipCode>60601</zipCode>
      <country>USA</country>
    </customerAddress>
  </general>
  <student>
    <customerCode>C006</customerCode>
    <customerType>Student</customerType>
    <primaryContact>
      <personCode>321dr</personCode>
      <lastName>Baker</lastName>
      <firstName>C.</firstName>
      <address>
        <street>Avery Hall</street>
        <city>Lincoln</city>
        <state>NE</state>
        <zipCode>68503</zipCode>
        <country>USA</country>
      </address>
      <emails>
        <email>dr@baker.com</email>
      </emails>
    </primaryContact>
    <customerName>Gregory Smith</customerName>
    <customerAddress>
      <street>456 West 7th St.</street>
      <city>Omaha</city>
      <state>NE</state>
      <zipCode>68500</zipCode>
      <country>USA</country>
    </customerAddress>
  </student>
</list> 